INSERT INTO Company (name, phone) VALUES 
("Tech Innovators", "9876543210"),
("Global Enterprises", "1234509876"),
("Creative Solutions", "5551239876"),
("Eco Ventures", "8001234567"),
("Alpha Industries", "9998887777");

INSERT INTO Scanner (type) VALUES
("entry"),
("entry"),
("exit"),
("exit");

INSERT INTO AccessSubject (id, password, name, role, state, idCompany, phone, emailAddress) VALUES
-- Sudo
("1085748963", "password123", "Alice Cooper", "sudo", "active", null, "5551234567", "alice.cooper@example.com"),

-- Officers 
("1012345678", "officerpass1", "Emma Williams", "officer", "active", 1, "5552345690", "emma.williams@example.com"),
("1012345679", "officerpass2", "Liam Brown", "officer", "active", 2, "5553456791", "liam.brown@example.com"),
("1012345680", "officerpass3", "Sophia Davis", "officer", "active", 3, "5554567892", "sophia.davis@example.com"),
("1012345681", "officerpass4", "James Wilson", "officer", "active", 4, "5555678901", "james.wilson@example.com"),
("1012345682", "officerpass5", "Olivia Taylor", "officer", "active", 5, "5556789012", "olivia.taylor@example.com"),

-- Security Guards 
("1012345683", "securitypass1", "Aiden Clark", "securityGuard", "active", null, "5557890123", "aiden.clark@example.com"),
("1012345684", "securitypass2", "Mason Lewis", "securityGuard", "active", null, "5558901234", "mason.lewis@example.com"),
("1012345685", "securitypass3", "Isabella Harris", "securityGuard", "active", null, "5559012345", "isabella.harris@example.com"),
("1012345686", "securitypass4", "Lucas Martin", "securityGuard", "active", null, "5550123456", "lucas.martin@example.com"),
("1012345687", "securitypass5", "Amelia Young", "securityGuard", "active", null, "5551234568", "amelia.young@example.com"),

-- Managers 
("1012345688", "managerpass1", "David Lee", "manager", "active", null, "5552345678", "david.lee@example.com"),
("1012345689", "managerpass2", "Emma Walker", "manager", "active", null, "5553456789", "emma.walker@example.com"),
("1012345690", "managerpass3", "Oliver Scott", "manager", "active", null, "5554567890", "oliver.scott@example.com");



INSERT INTO AccessSubject (id, name, role, state, idCompany, phone, emailAddress) VALUES 
("1085748964", "Carlos Pérez", "worker", "active", 1, "5551112233", "carlos.perez@acmecorp.com"),
("1085748965", "Lucía Gómez", "worker", "active", 1, "5551112234", "lucia.gomez@acmecorp.com"),
("1085748966", "Andrés Rodríguez", "worker", "active", 1, "5551112235", "andres.rodriguez@acmecorp.com"),
("1085748967", "María López", "worker", "active", 1, "5551112236", "maria.lopez@acmecorp.com"),
("1085748968", "Pedro Martínez", "worker", "inactive", 1, "5551112237", "pedro.martinez@acmecorp.com"),
("1085748969", "Ana Torres", "guest", "inactive", 1, "5551112238", "ana.torres@acmecorp.com"),
("1085748970", "Jorge Sánchez", "guest", "active", 1, "5551112239", "jorge.sanchez@acmecorp.com"),
("1085748971", "Laura Fernández", "guest", "active", 1, "5551112240", "laura.fernandez@acmecorp.com"),
("1085748972", "Tomás García", "guest", "inactive", 1, "5551112241", "tomas.garcia@acmecorp.com"),
("1085748973", "Valentina Ruiz", "guest", "active", 1, "5551112242", "valentina.ruiz@acmecorp.com"),
("1085748974", "Felipe González", "worker", "active", 2, "5551112243", "felipe.gonzalez@techsolutions.com"),
("1085748975", "Claudia Herrera", "worker", "active", 2, "5551112244", "claudia.herrera@techsolutions.com"),
("1085748976", "Raúl Pérez", "worker", "active", 2, "5551112245", "raul.perez@techsolutions.com"),
("1085748977", "Marta Díaz", "worker", "inactive", 2, "5551112246", "marta.diaz@techsolutions.com"),
("1085748978", "Juan Antonio Castro", "worker", "inactive", 2, "5551112247", "juan.castro@techsolutions.com"),
("1085748979", "Sandra López", "guest", "inactive", 2, "5551112248", "sandra.lopez@techsolutions.com"),
("1085748980", "Ricardo Martínez", "guest", "active", 2, "5551112249", "ricardo.martinez@techsolutions.com"),
("1085748981", "Isabel Gómez", "guest", "active", 2, "5551112250", "isabel.gomez@techsolutions.com"),
("1085748982", "Daniela Ramírez", "guest", "inactive", 2, "5551112251", "daniela.ramirez@techsolutions.com"),
("1085748983", "José Alberto Fernández", "guest", "active", 2, "5551112252", "jose.fernandez@techsolutions.com"),
("1085748984", "Felipe Martín", "worker", "active", 3, "5551112253", "felipe.martin@creativesolutions.com"),
("1085748985", "Eva Rodríguez", "worker", "active", 3, "5551112254", "eva.rodriguez@creativesolutions.com"),
("1085748986", "Luis García", "worker", "active", 3, "5551112255", "luis.garcia@creativesolutions.com"),
("1085748987", "Carmen Pérez", "worker", "inactive", 3, "5551112256", "carmen.perez@creativesolutions.com"),
("1085748988", "Alberto Jiménez", "worker", "inactive", 3, "5551112257", "alberto.jimenez@creativesolutions.com"),
("1085748989", "Lucía Álvarez", "guest", "inactive", 3, "5551112258", "lucia.alvarez@creativesolutions.com"),
("1085748990", "Óscar Sánchez", "guest", "active", 3, "5551112259", "oscar.sanchez@creativesolutions.com"),
("1085748991", "Sofía Ruiz", "guest", "active", 3, "5551112260", "sofia.ruiz@creativesolutions.com"),
("1085748992", "Martín Gómez", "guest", "inactive", 3, "5551112261", "martin.gomez@creativesolutions.com"),
("1085748993", "Laura Mendoza", "guest", "active", 3, "5551112262", "laura.mendoza@creativesolutions.com"),
("1085748994", "Antonio Fernández", "worker", "active", 4, "5551112263", "antonio.fernandez@ecoventures.com"),
("1085748995", "Patricia García", "worker", "active", 4, "5551112264", "patricia.garcia@ecoventures.com"),
("1085748996", "José Luis González", "worker", "active", 4, "5551112265", "jose.gonzalez@ecoventures.com"),
("1085748997", "María José Sánchez", "worker", "inactive", 4, "5551112266", "maria.sanchez@ecoventures.com"),
("1085748998", "David Martín", "worker", "inactive", 4, "5551112267", "david.martin@ecoventures.com"),
("1085748999", "Natalia Fernández", "guest", "inactive", 4, "5551112268", "natalia.fernandez@ecoventures.com"),
("1085749000", "Ricardo López", "guest", "active", 4, "5551112269", "ricardo.lopez@ecoventures.com"),
("1085749001", "Elena Rodríguez", "guest", "active", 4, "5551112270", "elena.rodriguez@ecoventures.com"),
("1085749002", "Ángel García", "guest", "inactive", 4, "5551112271", "angel.garcia@ecoventures.com"),
("1085749003", "Inés Martínez", "guest", "active", 4, "5551112272", "ines.martinez@ecoventures.com"),
("1085749004", "Pedro González", "worker", "active", 5, "5551112273", "pedro.gonzalez@alphaindustries.com"),
("1085749005", "Marta Fernández", "worker", "active", 5, "5551112274", "marta.fernandez@alphaindustries.com"),
("1085749006", "Juan Pérez", "worker", "active", 5, "5551112275", "juan.perez@alphaindustries.com"),
("1085749007", "Lucía González", "worker", "inactive", 5, "5551112276", "lucia.gonzalez@alphaindustries.com"),
("1085749008", "Javier Jiménez", "worker", "inactive", 5, "5551112277", "javier.jimenez@alphaindustries.com"),
("1085749009", "Antonio Sánchez", "guest", "inactive", 5, "5551112278", "antonio.sanchez@alphaindustries.com"),
("1085749010", "Paula Rodríguez", "guest", "active", 5, "5551112279", "paula.rodriguez@alphaindustries.com"),
("1085749011", "Carlos García", "guest", "active", 5, "5551112280", "carlos.garcia@alphaindustries.com"),
("1085749012", "Raquel López", "guest", "inactive", 5, "5551112281", "raquel.lopez@alphaindustries.com"),
("1085749013", "José Ramírez", "guest", "active", 5, "5551112282", "jose.ramirez@alphaindustries.com");

INSERT INTO AccessLog (type, datetime, idAccessSubject, idScanner) VALUES
("entry", "2022-01-15 08:00:00", "1085748964", 1),
("exit", "2022-01-15 17:30:00", "1085748964", 3),
("entry", "2022-02-20 08:05:00", "1085748965", 2),
("exit", "2022-02-20 17:40:00", "1085748965", 4),
("entry", "2022-03-10 08:15:00", "1085748966", 1),
("exit", "2022-03-10 17:50:00", "1085748966", 3),
("entry", "2022-04-12 08:10:00", "1085748967", 2),
("exit", "2022-04-12 17:45:00", "1085748967", 4),
("entry", "2022-05-05 08:20:00", "1085748969", 1),
("exit", "2022-05-05 17:35:00", "1085748969", 3),
("entry", "2022-06-15 08:00:00", "1085748970", 2),
("exit", "2022-06-15 17:50:00", "1085748970", 4),
("entry", "2022-07-10 08:25:00", "1085748971", 1),
("exit", "2022-07-10 17:45:00", "1085748971", 3),
("entry", "2022-08-01 08:15:00", "1085748972", 2),
("exit", "2022-08-01 17:40:00", "1085748972", 4),
("entry", "2022-09-20 08:10:00", "1085748973", 1),
("exit", "2022-09-20 17:30:00", "1085748973", 3),
("entry", "2022-10-15 08:20:00", "1085748974", 2),
("exit", "2022-10-15 17:55:00", "1085748974", 4),
("entry", "2022-11-20 08:05:00", "1085748975", 1),
("exit", "2022-11-20 17:50:00", "1085748975", 3),
("entry", "2022-12-18 08:30:00", "1085748976", 2),
("exit", "2022-12-18 17:40:00", "1085748976", 4),
("entry", "2022-01-20 08:00:00", "1085748990", 1),
("exit", "2022-01-20 17:30:00", "1085748990", 3),
("entry", "2022-02-25 08:10:00", "1085748991", 2),
("exit", "2022-02-25 17:40:00", "1085748991", 4),
("entry", "2022-03-15 08:25:00", "1085748992", 1),
("exit", "2022-03-15 17:50:00", "1085748992", 3),
("entry", "2022-04-10 08:15:00", "1085748993", 2),
("exit", "2022-04-10 17:30:00", "1085748993", 4),
("entry", "2022-05-18 08:20:00", "1085748994", 1),
("exit", "2022-05-18 17:45:00", "1085748994", 3),
("entry", "2022-06-12 08:30:00", "1085748995", 2),
("exit", "2022-06-12 17:50:00", "1085748995", 4),
("entry", "2022-07-18 08:10:00", "1085748996", 1),
("exit", "2022-07-18 17:35:00", "1085748996", 3),
("entry", "2022-08-25 08:05:00", "1085748997", 2),
("exit", "2022-08-25 17:50:00", "1085748997", 4),
("entry", "2022-09-10 08:30:00", "1085748998", 1),
("exit", "2022-09-10 17:40:00", "1085748998", 3),
("entry", "2022-10-05 08:25:00", "1085748999", 2),
("exit", "2022-10-05 17:30:00", "1085748999", 3),
("entry", "2022-11-22 08:05:00", "1085749000", 1),
("exit", "2022-11-22 17:35:00", "1085749000", 4),
("entry", "2022-12-05 08:00:00", "1085749001", 2),
("exit", "2022-12-05 17:40:00", "1085749001", 3),
("entry", "2022-12-15 08:20:00", "1085749002", 1),
("exit", "2022-12-15 17:45:00", "1085749002", 4),
("entry", "2022-11-30 08:15:00", "1085749003", 2),
("exit", "2022-11-30 17:50:00", "1085749003", 3),
("entry", "2022-11-18 08:25:00", "1085749004", 1),
("exit", "2022-11-18 17:30:00", "1085749004", 4),
("entry", "2022-10-28 08:05:00", "1085749005", 2),
("exit", "2022-10-28 17:55:00", "1085749005", 3),
("entry", "2022-09-25 08:10:00", "1085749006", 1),
("exit", "2022-09-25 17:45:00", "1085749006", 4),
("entry", "2022-08-30 08:20:00", "1085749007", 2),
("exit", "2022-08-30 17:40:00", "1085749007", 3),
("entry", "2022-07-22 08:10:00", "1085749008", 1),
("exit", "2022-07-22 17:30:00", "1085749008", 4),
("entry", "2022-06-30 08:25:00", "1085749009", 2),
("exit", "2022-06-30 17:45:00", "1085749009", 3),
("entry", "2022-06-22 08:10:00", "1085749010", 1),
("exit", "2022-06-22 17:40:00", "1085749010", 4),
("entry", "2022-05-10 08:05:00", "1085749011", 2),
("exit", "2022-05-10 17:50:00", "1085749011", 3),
("entry", "2022-04-25 08:15:00", "1085749012", 1),
("exit", "2022-04-25 17:45:00", "1085749012", 4),
("entry", "2022-03-30 08:00:00", "1085749013", 2),
("exit", "2022-03-30 17:30:00", "1085749013", 3),
("entry", "2022-11-05 08:15:00", "1085748994", 1),
("exit", "2022-11-05 17:40:00", "1085748994", 4),
("entry", "2022-10-18 08:10:00", "1085748995", 2),
("exit", "2022-10-18 17:35:00", "1085748995", 3),
("entry", "2022-09-25 08:05:00", "1085748996", 1),
("exit", "2022-09-25 17:50:00", "1085748996", 4),
("entry", "2022-08-22 08:20:00", "1085748997", 2),
("exit", "2022-08-22 17:30:00", "1085748997", 3),
("entry", "2022-07-10 08:30:00", "1085748998", 1),
("exit", "2022-07-10 17:45:00", "1085748998", 4),
("entry", "2022-06-17 08:00:00", "1085748999", 2),
("exit", "2022-06-17 17:40:00", "1085748999", 3),
("entry", "2022-05-12 08:10:00", "1085749000", 1),
("exit", "2022-05-12 17:35:00", "1085749000", 4),
("entry", "2022-04-18 08:05:00", "1085749001", 2),
("exit", "2022-04-18 17:50:00", "1085749001", 3),
("entry", "2022-03-22 08:20:00", "1085749002", 1),
("exit", "2022-03-22 17:45:00", "1085749002", 4),
("entry", "2022-02-15 08:00:00", "1085749003", 2),
("exit", "2022-02-15 17:35:00", "1085749003", 3),
("entry", "2022-01-28 08:05:00", "1085749004", 1),
("exit", "2022-01-28 17:40:00", "1085749004", 4),
("entry", "2022-11-12 08:25:00", "1085749005", 2),
("exit", "2022-11-12 17:55:00", "1085749005", 3),
("entry", "2024-06-19 07:50:00", "1085748964", 1),
("exit", "2024-06-19 16:45:00", "1085748964", 4),
("entry", "2024-06-20 08:05:00", "1085748965", 1),
("exit", "2024-06-20 17:10:00", "1085748965", 3),
("entry", "2024-06-21 07:30:00", "1085748966", 1),
("exit", "2024-06-21 16:35:00", "1085748966", 3),
("entry", "2024-06-22 09:15:00", "1085748967", 1),
("exit", "2024-06-22 18:10:00", "1085748967", 3),
("entry", "2024-06-23 08:10:00", "1085748971", 1),
("exit", "2024-06-23 17:00:00", "1085748971", 3),
("entry", "2024-06-24 08:25:00", "1085748973", 1),
("exit", "2024-06-24 16:40:00", "1085748973", 3),
("entry", "2024-06-25 09:00:00", "1085748974", 1),
("exit", "2024-06-25 17:05:00", "1085748974", 3),
("entry", "2024-06-26 08:30:00", "1085748975", 1),
("exit", "2024-06-26 17:00:00", "1085748975", 3),
("entry", "2024-06-27 08:00:00", "1085748976", 1),
("exit", "2024-06-27 16:30:00", "1085748976", 3),
("entry", "2024-06-28 08:15:00", "1085748977", 1),
("exit", "2024-06-28 17:20:00", "1085748977", 3),
("entry", "2024-06-29 07:45:00", "1085748978", 1),
("exit", "2024-06-29 16:50:00", "1085748978", 3),
("entry", "2024-06-30 08:05:00", "1085748979", 1),
("exit", "2024-06-30 17:15:00", "1085748979", 3),
("entry", "2024-01-19 08:15:00", "1085748966", 1),
("exit", "2024-01-19 17:15:00", "1085748966", 3),
("entry", "2024-01-20 08:30:00", "1085748967", 1),
("exit", "2024-01-20 17:30:00", "1085748967", 3),
("entry", "2024-01-20 09:00:00", "1085748970", 1),
("exit", "2024-01-20 18:00:00", "1085748970", 3),
("entry", "2024-06-05 07:45:00", "1085748964", 1),
("exit", "2024-06-05 17:15:00", "1085748964", 3),
("entry", "2024-06-06 08:00:00", "1085748965", 1),
("exit", "2024-06-06 16:50:00", "1085748965", 3),
("entry", "2024-06-07 07:30:00", "1085748966", 1),
("exit", "2024-06-07 16:30:00", "1085748966", 3),
("entry", "2024-06-08 09:00:00", "1085748967", 1),
("exit", "2024-06-08 18:00:00", "1085748967", 3),
("entry", "2024-06-10 07:55:00", "1085748970", 1),
("exit", "2024-06-10 16:45:00", "1085748970", 3),
("entry", "2024-06-11 08:10:00", "1085748971", 1),
("exit", "2024-06-11 17:00:00", "1085748971", 3),
("entry", "2024-06-12 07:50:00", "1085748973", 1),
("exit", "2024-06-12 16:40:00", "1085748973", 3),
("entry", "2024-06-13 08:05:00", "1085748994", 1),
("exit", "2024-06-13 17:15:00", "1085748994", 3),
("entry", "2024-06-14 07:40:00", "1085748995", 1),
("exit", "2024-06-14 16:50:00", "1085748995", 3),
("entry", "2024-06-15 09:20:00", "1085748996", 1),
("exit", "2024-06-15 17:35:00", "1085748996", 3),
("entry", "2024-06-16 08:15:00", "1085749000", 1),
("exit", "2024-06-16 17:20:00", "1085749000", 3),
("entry", "2024-06-17 08:00:00", "1085749001", 1),
("exit", "2024-06-17 16:55:00", "1085749001", 3),
("entry", "2024-06-18 07:45:00", "1085749003", 1),
("exit", "2024-06-18 17:05:00", "1085749003", 3),
("entry", "2024-01-10 11:45:00", "1085748985", 2),
("exit", "2024-01-10 21:00:00", "1085748985", 4),
("entry", "2024-01-11 07:50:00", "1085748964", 2),
("exit", "2024-01-11 16:50:00", "1085748964", 4),
("entry", "2024-01-11 08:05:00", "1085748965", 2),
("exit", "2024-01-11 17:05:00", "1085748965", 4),
("entry", "2024-01-12 08:10:00", "1085748966", 2),
("exit", "2024-01-12 17:15:00", "1085748966", 4),
("entry", "2024-01-12 08:25:00", "1085748967", 2),
("exit", "2024-01-12 17:20:00", "1085748967", 4),
("entry", "2024-01-13 09:05:00", "1085748970", 2),
("exit", "2024-01-13 18:00:00", "1085748970", 4),
("entry", "2024-01-13 09:20:00", "1085748971", 2),
("exit", "2024-01-13 18:15:00", "1085748971", 4),
("entry", "2024-01-14 09:35:00", "1085748973", 2),
("exit", "2024-01-14 18:30:00", "1085748973", 4),
("entry", "2024-01-14 10:10:00", "1085748974", 2),
("exit", "2024-01-14 19:10:00", "1085748974", 4),
("entry", "2024-01-15 10:25:00", "1085748975", 2),
("exit", "2024-01-15 19:25:00", "1085748975", 4),
("entry", "2024-01-15 10:40:00", "1085748976", 2),
("exit", "2024-01-15 19:40:00", "1085748976", 4),
("entry", "2024-01-16 10:55:00", "1085748980", 2),
("exit", "2024-01-16 20:00:00", "1085748980", 4),
("entry", "2024-01-16 11:10:00", "1085748981", 2),
("exit", "2024-01-16 20:15:00", "1085748981", 4),
("entry", "2024-01-17 11:25:00", "1085748983", 2),
("exit", "2024-01-17 20:30:00", "1085748983", 4),
("entry", "2024-01-17 11:40:00", "1085748984", 2),
("exit", "2024-01-17 20:45:00", "1085748984", 4),
("entry", "2024-01-18 11:55:00", "1085748985", 2),
("exit", "2024-01-18 21:00:00", "1085748985", 4);


INSERT INTO AccessLog (type, datetime, idAccessSubject, idAccessSubjectLogger) VALUES
("entry", "2022-01-15 08:00:00", "1085748964", "1012345683"),
("exit", "2022-01-15 17:30:00", "1085748964", "1012345683"),
("entry", "2022-02-20 08:05:00", "1085748965", "1012345684"),
("exit", "2022-02-20 17:40:00", "1085748965", "1012345684"),
("entry", "2022-03-10 08:15:00", "1085748966", "1012345685"),
("exit", "2022-03-10 17:50:00", "1085748966", "1012345685"),
("entry", "2022-04-12 08:10:00", "1085748967", "1012345686"),
("exit", "2022-04-12 17:45:00", "1085748967", "1012345686"),
("entry", "2022-05-05 08:20:00", "1085748969", "1012345687"),
("exit", "2022-05-05 17:35:00", "1085748969", "1012345687"),
("entry", "2022-06-15 08:00:00", "1085748970", "1012345683"),
("exit", "2022-06-15 17:50:00", "1085748970", "1012345683"),
("entry", "2022-07-10 08:25:00", "1085748971", "1012345684"),
("exit", "2022-07-10 17:45:00", "1085748971", "1012345684"),
("entry", "2022-08-01 08:15:00", "1085748972", "1012345685"),
("exit", "2022-08-01 17:40:00", "1085748972", "1012345685"),
("entry", "2022-09-20 08:10:00", "1085748973", "1012345686"),
("exit", "2022-09-20 17:30:00", "1085748973", "1012345686"),
("entry", "2022-10-15 08:20:00", "1085748974", "1012345687"),
("exit", "2022-10-15 17:55:00", "1085748974", "1012345687"),
("entry", "2022-11-20 08:05:00", "1085748975", "1012345683"),
("exit", "2022-11-20 17:50:00", "1085748975", "1012345683"),
("entry", "2022-12-18 08:30:00", "1085748976", "1012345684"),
("exit", "2022-12-18 17:40:00", "1085748976", "1012345684"),
("entry", "2022-01-20 08:00:00", "1085748990", "1012345685"),
("exit", "2022-01-20 17:30:00", "1085748990", "1012345685"),
("entry", "2022-02-25 08:10:00", "1085748991", "1012345686"),
("exit", "2022-02-25 17:40:00", "1085748991", "1012345686"),
("entry", "2022-03-15 08:25:00", "1085748992", "1012345687"),
("exit", "2022-03-15 17:50:00", "1085748992", "1012345687"),
("entry", "2022-04-10 08:15:00", "1085748993", "1012345683"),
("exit", "2022-04-10 17:30:00", "1085748993", "1012345683"),
("entry", "2022-05-18 08:20:00", "1085748994", "1012345684"),
("exit", "2022-05-18 17:45:00", "1085748994", "1012345684"),
("entry", "2022-06-12 08:30:00", "1085748995", "1012345685"),
("exit", "2022-06-12 17:50:00", "1085748995", "1012345685"),
("entry", "2022-07-18 08:10:00", "1085748996", "1012345686"),
("exit", "2022-07-18 17:35:00", "1085748996", "1012345686"),
("entry", "2022-08-25 08:05:00", "1085748997", "1012345687"),
("exit", "2022-08-25 17:50:00", "1085748997", "1012345687"),
("entry", "2022-09-10 08:30:00", "1085748998", "1012345683"),
("exit", "2022-09-10 17:40:00", "1085748998", "1012345683"),
("entry", "2022-10-05 08:25:00", "1085748999", "1012345684"),
("exit", "2022-10-05 17:30:00", "1085748999", "1012345684"),
("entry", "2022-11-22 08:05:00", "1085749000", "1012345685"),
("exit", "2022-11-22 17:35:00", "1085749000", "1012345685"),
("entry", "2022-12-05 08:00:00", "1085749001", "1012345686"),
("exit", "2022-12-05 17:40:00", "1085749001", "1012345686"),
("entry", "2022-12-15 08:20:00", "1085749002", "1012345687"),
("exit", "2022-12-15 17:45:00", "1085749002", "1012345687"),
("entry", "2022-11-30 08:15:00", "1085749003", "1012345683"),
("exit", "2022-11-30 17:50:00", "1085749003", "1012345683"),
("entry", "2022-11-18 08:25:00", "1085749004", "1012345684"),
("exit", "2022-11-18 17:30:00", "1085749004", "1012345684"),
("entry", "2022-10-28 08:05:00", "1085749005", "1012345685"),
("exit", "2022-10-28 17:55:00", "1085749005", "1012345685"),
("entry", "2022-09-25 08:10:00", "1085749006", "1012345686"),
("exit", "2022-09-25 17:45:00", "1085749006", "1012345686"),
("entry", "2022-08-30 08:20:00", "1085749007", "1012345687"),
("exit", "2022-08-30 17:40:00", "1085749007", "1012345687"),
("entry", "2022-07-22 08:10:00", "1085749008", "1012345683"),
("exit", "2022-07-22 17:30:00", "1085749008", "1012345683"),
("entry", "2022-06-30 08:25:00", "1085749009", "1012345684"),
("exit", "2022-06-30 17:45:00", "1085749009", "1012345684"),
("entry", "2022-06-22 08:10:00", "1085749010", "1012345685"),
("exit", "2022-06-22 17:40:00", "1085749010", "1012345685"),
("entry", "2022-05-10 08:05:00", "1085749011", "1012345686"),
("exit", "2022-05-10 17:50:00", "1085749011", "1012345686"),
("entry", "2022-04-25 08:15:00", "1085749012", "1012345687"),
("exit", "2022-04-25 17:45:00", "1085749012", "1012345687"),
("entry", "2022-03-30 08:00:00", "1085749013", "1012345683"),
("exit", "2022-03-30 17:30:00", "1085749013", "1012345683"),
("entry", "2022-11-05 08:15:00", "1085748994", "1012345683"),
("exit", "2022-11-05 17:40:00", "1085748994", "1012345683"),
("entry", "2022-10-18 08:10:00", "1085748995", "1012345684"),
("exit", "2022-10-18 17:35:00", "1085748995", "1012345684"),
("entry", "2022-09-25 08:05:00", "1085748996", "1012345685"),
("exit", "2022-09-25 17:50:00", "1085748996", "1012345685"),
("entry", "2022-08-22 08:20:00", "1085748997", "1012345686"),
("exit", "2022-08-22 17:30:00", "1085748997", "1012345686"),
("entry", "2022-07-10 08:30:00", "1085748998", "1012345687"),
("exit", "2022-07-10 17:45:00", "1085748998", "1012345687"),
("entry", "2022-06-17 08:00:00", "1085748999", "1012345683"),
("exit", "2022-06-17 17:40:00", "1085748999", "1012345683"),
("entry", "2022-05-12 08:10:00", "1085749000", "1012345684"),
("exit", "2022-05-12 17:35:00", "1085749000", "1012345684"),
("entry", "2022-04-18 08:05:00", "1085749001", "1012345685"),
("exit", "2022-04-18 17:50:00", "1085749001", "1012345685"),
("entry", "2022-03-22 08:20:00", "1085749002", "1012345686"),
("exit", "2022-03-22 17:45:00", "1085749002", "1012345686"),
("entry", "2022-02-15 08:00:00", "1085749003", "1012345687"),
("exit", "2022-02-15 17:35:00", "1085749003", "1012345687"),
("entry", "2022-01-28 08:05:00", "1085749004", "1012345683"),
("exit", "2022-01-28 17:40:00", "1085749004", "1012345683"),
("entry", "2022-11-12 08:25:00", "1085749005", "1012345683"),
("exit", "2022-11-12 17:55:00", "1085749005", "1012345683"),
("entry", "2024-06-19 07:50:00", "1085748964", "1012345683"),
("exit", "2024-06-19 16:45:00", "1085748964", "1012345683"),
("entry", "2024-06-20 08:05:00", "1085748965", "1012345683"),
("exit", "2024-06-20 17:10:00", "1085748965", "1012345683"),
("entry", "2024-06-21 07:30:00", "1085748966", "1012345683"),
("exit", "2024-06-21 16:35:00", "1085748966", "1012345683"),
("entry", "2024-06-22 09:15:00", "1085748967", "1012345683"),
("exit", "2024-06-22 18:10:00", "1085748967", "1012345683"),
("entry", "2024-06-23 08:10:00", "1085748971", "1012345683"),
("exit", "2024-06-23 17:00:00", "1085748971", "1012345683"),
("entry", "2024-06-24 08:25:00", "1085748973", "1012345683"),
("exit", "2024-06-24 16:40:00", "1085748973", "1012345683"),
("entry", "2024-06-25 09:00:00", "1085748974", "1012345683"),
("exit", "2024-06-25 17:05:00", "1085748974", "1012345683"),
("entry", "2024-06-26 08:30:00", "1085748975", "1012345683"),
("exit", "2024-06-26 17:00:00", "1085748975", "1012345683"),
("entry", "2024-06-27 08:00:00", "1085748976", "1012345683"),
("exit", "2024-06-27 16:30:00", "1085748976", "1012345683"),
("entry", "2024-06-28 08:15:00", "1085748977", "1012345683"),
("exit", "2024-06-28 17:20:00", "1085748977", "1012345683"),
("entry", "2024-06-29 07:45:00", "1085748978", "1012345684"),
("exit", "2024-06-29 16:50:00", "1085748978", "1012345684"),
("entry", "2024-06-30 08:05:00", "1085748979", "1012345684"),
("exit", "2024-06-30 17:15:00", "1085748979", "1012345684"),
("entry", "2024-01-19 08:15:00", "1085748966", "1012345687"),
("exit", "2024-01-19 17:15:00", "1085748966", "1012345687"),
("entry", "2024-01-20 08:30:00", "1085748967", "1012345687"),
("exit", "2024-01-20 17:30:00", "1085748967", "1012345687"),
("entry", "2024-01-20 09:00:00", "1085748970", "1012345687"),
("exit", "2024-01-20 18:00:00", "1085748970", "1012345687"),
("entry", "2024-06-05 07:45:00", "1085748964", "1012345683"),
("exit", "2024-06-05 17:15:00", "1085748964", "1012345683"),
("entry", "2024-06-06 08:00:00", "1085748965", "1012345683"),
("exit", "2024-06-06 16:50:00", "1085748965", "1012345683"),
("entry", "2024-06-07 07:30:00", "1085748966", "1012345683"),
("exit", "2024-06-07 16:30:00", "1085748966", "1012345683"),
("entry", "2024-06-08 09:00:00", "1085748967", "1012345683"),
("exit", "2024-06-08 18:00:00", "1085748967", "1012345683"),
("entry", "2024-06-10 07:55:00", "1085748970", "1012345683"),
("exit", "2024-06-10 16:45:00", "1085748970", "1012345683"),
("entry", "2024-06-11 08:10:00", "1085748971", "1012345683"),
("exit", "2024-06-11 17:00:00", "1085748971", "1012345683"),
("entry", "2024-06-12 07:50:00", "1085748973", "1012345683"),
("exit", "2024-06-12 16:40:00", "1085748973", "1012345683"),
("entry", "2024-06-13 08:05:00", "1085748994", "1012345683"),
("exit", "2024-06-13 17:15:00", "1085748994", "1012345683"),
("entry", "2024-06-14 07:40:00", "1085748995", "1012345683"),
("exit", "2024-06-14 16:50:00", "1085748995", "1012345683"),
("entry", "2024-06-15 09:20:00", "1085748996", "1012345683"),
("exit", "2024-06-15 17:35:00", "1085748996", "1012345683"),
("entry", "2024-06-16 08:15:00", "1085749000", "1012345683"),
("exit", "2024-06-16 17:20:00", "1085749000", "1012345683"),
("entry", "2024-06-17 08:00:00", "1085749001", "1012345683"),
("exit", "2024-06-17 16:55:00", "1085749001", "1012345683"),
("entry", "2024-06-18 07:45:00", "1085749003", "1012345683"),
("exit", "2024-06-18 17:05:00", "1085749003", "1012345683"),
("entry", "2024-01-10 11:45:00", "1085748985", "1012345685"),
("exit", "2024-01-10 21:00:00", "1085748985", "1012345685"),
("entry", "2024-01-11 07:50:00", "1085748964", "1012345685"),
("exit", "2024-01-11 16:50:00", "1085748964", "1012345685"),
("entry", "2024-01-11 08:05:00", "1085748965", "1012345685"),
("exit", "2024-01-11 17:05:00", "1085748965", "1012345685"),
("entry", "2024-01-12 08:10:00", "1085748966", "1012345686"),
("exit", "2024-01-12 17:15:00", "1085748966", "1012345686"),
("entry", "2024-01-12 08:25:00", "1085748967", "1012345686"),
("exit", "2024-01-12 17:20:00", "1085748967", "1012345686"),
("entry", "2024-01-13 09:05:00", "1085748970", "1012345686"),
("exit", "2024-01-13 18:00:00", "1085748970", "1012345686"),
("entry", "2024-01-13 09:20:00", "1085748971", "1012345686"),
("exit", "2024-01-13 18:15:00", "1085748971", "1012345686"),
("entry", "2024-01-14 09:35:00", "1085748973", "1012345686"),
("exit", "2024-01-14 18:30:00", "1085748973", "1012345686"),
("entry", "2024-01-14 10:10:00", "1085748974", "1012345686"),
("exit", "2024-01-14 19:10:00", "1085748974", "1012345686"),
("entry", "2024-01-15 10:25:00", "1085748975", "1012345686"),
("exit", "2024-01-15 19:25:00", "1085748975", "1012345687"),
("entry", "2024-01-15 10:40:00", "1085748976", "1012345687"),
("exit", "2024-01-15 19:40:00", "1085748976", "1012345687"),
("entry", "2024-01-16 10:55:00", "1085748980", "1012345687"),
("exit", "2024-01-16 20:00:00", "1085748980", "1012345687"),
("entry", "2024-01-16 11:10:00", "1085748981", "1012345687"),
("exit", "2024-01-16 20:15:00", "1085748981", "1012345687"),
("entry", "2024-01-17 11:25:00", "1085748983", "1012345687"),
("exit", "2024-01-17 20:30:00", "1085748983", "1012345687"),
("entry", "2024-01-17 11:40:00", "1085748984", "1012345687"),
("exit", "2024-01-17 20:45:00", "1085748984", "1012345687"),
("entry", "2024-01-18 11:55:00", "1085748985", "1012345687"),
("exit", "2024-01-18 21:00:00", "1085748985", "1012345687"),
("entry", "2024-01-18 07:30:00", "1085748964", "1012345687"),
("exit", "2024-01-18 16:30:00", "1085748964", "1012345687"),
("entry", "2024-01-19 08:00:00", "1085748965", "1012345687"),
("exit", "2024-01-19 17:00:00", "1085748965", "1012345687"),
("entry", "2024-06-15 08:30:00", "1085749009", "1012345683"),
("exit", "2024-06-15 17:45:00", "1085749009", "1012345683"),
("entry", "2024-07-07 08:30:00", "1085749010", "1012345683"),
("exit", "2024-07-07 17:45:00", "1085749010", "1012345683"),
("entry", "2024-08-22 08:30:00", "1085749011", "1012345683"),
("exit", "2024-08-22 17:45:00", "1085749011", "1012345683"),
("entry", "2024-09-08 08:30:00", "1085749012", "1012345684"),
("exit", "2024-09-08 17:45:00", "1085749012", "1012345684"),
("entry", "2024-10-18 08:30:00", "1085749013", "1012345684"),
("exit", "2024-10-18 17:45:00", "1085749013", "1012345684"),
("entry", "2024-01-10 08:00:00", "1085748964", "1012345684"),
("exit", "2024-01-10 17:00:00", "1085748964", "1012345684"),
("entry", "2024-01-10 08:15:00", "1085748965", "1012345684"),
("exit", "2024-01-10 17:10:00", "1085748965", "1012345684"),
("entry", "2024-01-10 08:30:00", "1085748966", "1012345684"),
("exit", "2024-01-10 17:20:00", "1085748966", "1012345684"),
("entry", "2024-01-10 08:45:00", "1085748967", "1012345684"),
("exit", "2024-01-10 17:30:00", "1085748967", "1012345684"),
("entry", "2024-01-10 09:00:00", "1085748970", "1012345684"),
("exit", "2024-01-10 18:00:00", "1085748970", "1012345684"),
("entry", "2024-01-10 09:15:00", "1085748971", "1012345684"),
("exit", "2024-01-10 18:15:00", "1085748971", "1012345684"),
("entry", "2024-01-10 09:30:00", "1085748973", "1012345684"),
("exit", "2024-01-10 18:30:00", "1085748973", "1012345684"),
("entry", "2024-01-10 10:00:00", "1085748974", "1012345684"),
("exit", "2024-01-10 19:00:00", "1085748974", "1012345684"),
("entry", "2024-01-10 10:15:00", "1085748975", "1012345684"),
("exit", "2024-01-10 19:15:00", "1085748975", "1012345685"),
("entry", "2024-01-10 10:30:00", "1085748976", "1012345685"),
("exit", "2024-01-10 19:30:00", "1085748976", "1012345685"),
("entry", "2024-01-10 10:45:00", "1085748980", "1012345685"),
("exit", "2024-01-10 20:00:00", "1085748980", "1012345685"),
("entry", "2024-01-10 11:00:00", "1085748981", "1012345685"),
("exit", "2024-01-10 20:15:00", "1085748981", "1012345685"),
("entry", "2024-01-10 11:15:00", "1085748983", "1012345685"),
("exit", "2024-01-10 20:30:00", "1085748983", "1012345685"),
("entry", "2024-01-10 11:30:00", "1085748984", "1012345685"),
("exit", "2024-01-10 20:45:00", "1085748984", "1012345685"),
("entry", "2024-08-23 08:30:00", "1085748991", "1012345686"),
("exit", "2024-08-23 17:45:00", "1085748991", "1012345686"),
("entry", "2024-09-17 08:30:00", "1085748992", "1012345687"),
("exit", "2024-09-17 17:45:00", "1085748992", "1012345687"),
("entry", "2024-10-05 08:30:00", "1085748993", "1012345683"),
("exit", "2024-10-05 17:45:00", "1085748993", "1012345683"),
("entry", "2024-01-10 08:30:00", "1085748994", "1012345684"),
("exit", "2024-01-10 17:45:00", "1085748994", "1012345684"),
("entry", "2024-02-05 08:30:00", "1085748995", "1012345685"),
("exit", "2024-02-05 17:45:00", "1085748995", "1012345685"),
("entry", "2024-03-15 08:30:00", "1085748996", "1012345686"),
("exit", "2024-03-15 17:45:00", "1085748996", "1012345686"),
("entry", "2024-04-22 08:30:00", "1085748997", "1012345687"),
("exit", "2024-04-22 17:45:00", "1085748997", "1012345687"),
("entry", "2024-05-30 08:30:00", "1085748998", "1012345683"),
("exit", "2024-05-30 17:45:00", "1085748998", "1012345683"),
("entry", "2024-06-20 08:30:00", "1085748999", "1012345684"),
("exit", "2024-06-20 17:45:00", "1085748999", "1012345684"),
("entry", "2024-07-25 08:30:00", "1085749000", "1012345685"),
("exit", "2024-07-25 17:45:00", "1085749000", "1012345685"),
("entry", "2024-08-13 08:30:00", "1085749001", "1012345686"),
("exit", "2024-08-13 17:45:00", "1085749001", "1012345686"),
("entry", "2024-09-02 08:30:00", "1085749002", "1012345687"),
("exit", "2024-09-02 17:45:00", "1085749002", "1012345687"),
("entry", "2024-10-10 08:30:00", "1085749003", "1012345683"),
("exit", "2024-10-10 17:45:00", "1085749003", "1012345683"),
("entry", "2024-01-20 08:30:00", "1085749004", "1012345684"),
("exit", "2024-01-20 17:45:00", "1085749004", "1012345684"),
("entry", "2024-02-28 08:30:00", "1085749005", "1012345685"),
("exit", "2024-02-28 17:45:00", "1085749005", "1012345685"),
("entry", "2024-03-12 08:30:00", "1085749006", "1012345686"),
("exit", "2024-03-12 17:45:00", "1085749006", "1012345686"),
("entry", "2024-04-03 08:30:00", "1085749007", "1012345683"),
("exit", "2024-04-03 17:45:00", "1085749007", "1012345683"),
("entry", "2024-05-06 08:30:00", "1085749008", "1012345683"),
("exit", "2024-05-06 17:45:00", "1085749008", "1012345683"),
("entry", "2024-12-01 08:00:00", "1085748964", "1012345683"),
("exit", "2024-12-01 17:40:00", "1085748964", "1012345683"),
("entry", "2024-12-02 08:05:00", "1085748965", "1012345684"),
("exit", "2024-12-02 17:35:00", "1085748965", "1012345684"),
("entry", "2024-12-03 08:10:00", "1085748966", "1012345685"),
("exit", "2024-12-03 17:50:00", "1085748966", "1012345685"),
("entry", "2024-12-04 08:15:00", "1085748967", "1012345686"),
("exit", "2024-12-04 17:45:00", "1085748967", "1012345686"),
("entry", "2024-12-05 08:20:00", "1085748968", "1012345687"),
("exit", "2024-12-05 17:30:00", "1085748968", "1012345687"),
("entry", "2024-12-06 08:25:00", "1085748969", "1012345683"),
("exit", "2024-12-06 17:40:00", "1085748969", "1012345683"),
("entry", "2024-12-07 08:30:00", "1085748970", "1012345684"),
("exit", "2024-12-07 17:50:00", "1085748970", "1012345684"),
("entry", "2024-12-08 08:35:00", "1085748971", "1012345685"),
("exit", "2024-12-08 17:45:00", "1085748971", "1012345685"),
("entry", "2024-12-09 08:40:00", "1085748972", "1012345686"),
("exit", "2024-12-09 17:50:00", "1085748972", "1012345686"),
("entry", "2024-12-10 08:45:00", "1085748973", "1012345687"),
("exit", "2024-12-10 17:30:00", "1085748973", "1012345687"),
("entry", "2024-12-11 08:50:00", "1085748974", "1012345683"),
("exit", "2024-12-11 17:40:00", "1085748974", "1012345683"),
("entry", "2024-12-12 08:55:00", "1085748975", "1012345684"),
("exit", "2024-12-12 17:45:00", "1085748975", "1012345684"),
("entry", "2024-12-13 09:00:00", "1085748976", "1012345685"),
("exit", "2024-12-13 17:50:00", "1085748976", "1012345685"),
("entry", "2024-12-14 09:05:00", "1085748977", "1012345686"),
("exit", "2024-12-14 17:30:00", "1085748977", "1012345686"),
("entry", "2024-12-16 09:15:00", "1085748979", "1012345683"),
("exit", "2024-12-16 17:35:00", "1085748979", "1012345683"),
("entry", "2024-12-17 09:20:00", "1085748980", "1012345684"),
("exit", "2024-12-17 17:40:00", "1085748980", "1012345684"),
("entry", "2024-12-18 09:25:00", "1085748981", "1012345685"),
("exit", "2024-12-18 17:45:00", "1085748981", "1012345685"),
("entry", "2024-12-19 09:30:00", "1085748982", "1012345686"),
("exit", "2024-12-19 17:50:00", "1085748982", "1012345686"),
("entry", "2024-12-20 09:35:00", "1085748983", "1012345687"),
("exit", "2024-12-20 17:30:00", "1085748983", "1012345687"),
("entry", "2024-12-21 09:40:00", "1085748984", "1012345683"),
("exit", "2024-12-21 17:35:00", "1085748984", "1012345683"),
("entry", "2024-12-22 09:45:00", "1085748985", "1012345684"),
("exit", "2024-12-22 17:40:00", "1085748985", "1012345684"),
("entry", "2024-12-23 09:50:00", "1085748986", "1012345685"),
("exit", "2024-12-23 17:45:00", "1085748986", "1012345685"),
("entry", "2024-12-24 09:55:00", "1085748987", "1012345686"),
("exit", "2024-12-24 17:30:00", "1085748987", "1012345686"),
("entry", "2024-12-25 10:00:00", "1085748988", "1012345687"),
("exit", "2024-12-25 17:40:00", "1085748988", "1012345687"),
("entry", "2024-12-26 10:05:00", "1085748989", "1012345683"),
("exit", "2024-12-26 17:45:00", "1085748989", "1012345683"),
("entry", "2024-12-27 10:10:00", "1085748990", "1012345684"),
("exit", "2024-12-27 17:50:00", "1085748990", "1012345684"),
("entry", "2024-12-28 10:15:00", "1085748991", "1012345685"),
("exit", "2024-12-28 17:30:00", "1085748991", "1012345685"),
("entry", "2024-12-29 10:20:00", "1085748992", "1012345686"),
("exit", "2024-12-29 17:40:00", "1085748992", "1012345686"),
("entry", "2024-12-30 10:25:00", "1085748993", "1012345687"),
("exit", "2024-12-30 17:50:00", "1085748993", "1012345687"),
("entry", "2024-12-31 10:30:00", "1085748994", "1012345683"),
("exit", "2024-12-31 17:35:00", "1085748994", "1012345683"),
("entry", "2024-12-31 10:35:00", "1085748995", "1012345684"),
("exit", "2024-12-31 17:40:00", "1085748995", "1012345684"),
("entry", "2023-12-16 09:15:00", "1085748979", "1012345683"),
("exit", "2023-12-16 17:35:00", "1085748979", "1012345683"),
("entry", "2023-12-17 09:20:00", "1085748980", "1012345684"),
("exit", "2023-12-17 17:40:00", "1085748980", "1012345684"),
("entry", "2023-12-18 09:25:00", "1085748981", "1012345685"),
("exit", "2023-12-18 17:45:00", "1085748981", "1012345685"),
("entry", "2023-12-19 09:30:00", "1085748982", "1012345686"),
("exit", "2023-12-19 17:50:00", "1085748982", "1012345686"),
("entry", "2023-12-20 09:35:00", "1085748983", "1012345687"),
("exit", "2023-12-20 17:30:00", "1085748983", "1012345687"),
("entry", "2023-12-21 09:40:00", "1085748984", "1012345683"),
("exit", "2023-12-21 17:35:00", "1085748984", "1012345683"),
("entry", "2023-12-22 09:45:00", "1085748985", "1012345684"),
("exit", "2023-12-22 17:40:00", "1085748985", "1012345684"),
("entry", "2023-12-23 09:50:00", "1085748986", "1012345685"),
("exit", "2023-12-23 17:45:00", "1085748986", "1012345685"),
("entry", "2023-12-24 09:55:00", "1085748987", "1012345686"),
("exit", "2023-12-24 17:30:00", "1085748987", "1012345686"),
("entry", "2023-12-25 10:00:00", "1085748988", "1012345687"),
("exit", "2023-12-25 17:40:00", "1085748988", "1012345687"),
("entry", "2023-12-26 10:05:00", "1085748989", "1012345683"),
("exit", "2023-12-26 17:45:00", "1085748989", "1012345683"),
("entry", "2023-12-27 10:10:00", "1085748990", "1012345684"),
("exit", "2023-12-27 17:50:00", "1085748990", "1012345684"),
("entry", "2023-12-28 10:15:00", "1085748991", "1012345685"),
("exit", "2023-12-28 17:30:00", "1085748991", "1012345685"),
("entry", "2023-12-29 10:20:00", "1085748992", "1012345686"),
("exit", "2023-12-29 17:40:00", "1085748992", "1012345686"),
("entry", "2023-12-30 10:25:00", "1085748993", "1012345687"),
("exit", "2023-12-30 17:50:00", "1085748993", "1012345687"),
("entry", "2023-12-31 10:30:00", "1085748994", "1012345683"),
("exit", "2023-12-31 17:35:00", "1085748994", "1012345683"),
("entry", "2023-12-31 10:35:00", "1085748995", "1012345684"),
("exit", "2023-12-31 17:40:00", "1085748995", "1012345684"),
("entry", "2023-01-12 08:00:00", "1085748964", "1012345683"),
("exit", "2023-01-12 17:40:00", "1085748964", "1012345683"),
("entry", "2023-02-05 08:10:00", "1085748965", "1012345684"),
("exit", "2023-02-05 17:50:00", "1085748965", "1012345684"),
("entry", "2023-03-03 08:05:00", "1085748966", "1012345685"),
("exit", "2023-03-03 17:30:00", "1085748966", "1012345685"),
("entry", "2023-04-20 08:15:00", "1085748967", "1012345686"),
("exit", "2023-04-20 17:45:00", "1085748967", "1012345686"),
("entry", "2023-05-10 08:20:00", "1085748968", "1012345687"),
("exit", "2023-05-10 17:35:00", "1085748968", "1012345687"),
("entry", "2023-06-25 08:30:00", "1085748969", "1012345683"),
("exit", "2023-06-25 17:50:00", "1085748969", "1012345683"),
("entry", "2023-07-13 08:25:00", "1085748970", "1012345684"),
("exit", "2023-07-13 17:40:00", "1085748970", "1012345684"),
("entry", "2023-08-09 08:35:00", "1085748971", "1012345685"),
("exit", "2023-08-09 17:55:00", "1085748971", "1012345685"),
("entry", "2023-09-18 08:45:00", "1085748972", "1012345686"),
("exit", "2023-09-18 17:50:00", "1085748972", "1012345686"),
("entry", "2023-10-06 08:50:00", "1085748973", "1012345687"),
("exit", "2023-10-06 17:30:00", "1085748973", "1012345687"),
("entry", "2023-11-02 08:40:00", "1085748974", "1012345683"),
("exit", "2023-11-02 17:35:00", "1085748974", "1012345683"),
("entry", "2023-12-07 08:50:00", "1085748975", "1012345684"),
("exit", "2023-12-07 17:45:00", "1085748975", "1012345684"),
("entry", "2023-01-20 08:25:00", "1085748965", "1012345683"),
("exit", "2023-01-20 17:50:00", "1085748965", "1012345683"),
("entry", "2023-02-12 08:30:00", "1085748967", "1012345684"),
("exit", "2023-02-12 17:45:00", "1085748967", "1012345684"),
("entry", "2023-03-05 08:35:00", "1085748971", "1012345685"),
("exit", "2023-03-05 17:55:00", "1085748971", "1012345685"),
("entry", "2023-04-02 08:40:00", "1085748969", "1012345686"),
("exit", "2023-04-02 17:50:00", "1085748969", "1012345686"),
("entry", "2023-05-18 08:45:00", "1085748970", "1012345687"),
("exit", "2023-05-18 17:40:00", "1085748970", "1012345687"),
("entry", "2023-06-23 08:30:00", "1085748972", "1012345683"),
("exit", "2023-06-23 17:45:00", "1085748972", "1012345683"),
("entry", "2023-07-14 08:40:00", "1085748973", "1012345684"),
("exit", "2023-07-14 17:50:00", "1085748973", "1012345684"),
("entry", "2023-08-27 08:35:00", "1085748974", "1012345685"),
("exit", "2023-08-27 17:55:00", "1085748974", "1012345685"),
("entry", "2023-09-10 08:25:00", "1085748975", "1012345686"),
("exit", "2023-09-10 17:45:00", "1085748975", "1012345686"),
("entry", "2023-10-05 08:30:00", "1085748976", "1012345687"),
("exit", "2023-10-05 17:50:00", "1085748976", "1012345687"),
("entry", "2023-11-11 08:40:00", "1085748977", "1012345683"),
("exit", "2023-11-11 17:55:00", "1085748977", "1012345683"),
("entry", "2023-12-01 08:35:00", "1085748978", "1012345684"),
("exit", "2023-12-01 17:45:00", "1085748978", "1012345684");


INSERT INTO Annotation (datetime, suspended, reason, idAccessSubject, idAccessSubjectLogger, state) VALUES
("2024-01-10 09:00:00", TRUE, "Aggressive behavior at the time of admission.", "1085748964", "1012345683", "active"),
("2024-02-15 10:30:00", FALSE, "The worker was wearing inappropriate clothing for the work environment.", "1085748970", "1012345684", "inactive"),
("2024-03-20 08:45:00", FALSE, "Worker Arrived without proper protective equipment.", "1085748985", "1012345685", "inactive"),
("2024-04-01 08:15:00", FALSE, "Inappropriate behavior upon arrival", "1085748987", "1012345686", "inactive"),
("2024-06-05 07:50:00", TRUE, "Aggressive behavior at the time of admission.", "1085748989", "1012345687", "active"),
("2024-07-18 08:00:00", FALSE, "Worker Arrived without proper protective equipment", "1085748990", "1012345683", "inactive"),
("2024-08-09 09:30:00", TRUE, "The worker was in a visible state of intoxication at the time of entry. He was asked to leave to avoid further problems.", "1085748991", "1012345684", "inactive"),
("2024-09-14 10:00:00", TRUE, "Aggressive behavior at the time of admission.", "1085748992", "1012345685", "active"),
("2024-10-02 08:45:00", TRUE, "The worker was in a visible state of intoxication at the time of entry. He was asked to leave to avoid further problems.", "1085748993", "1012345686", "inactive");


INSERT INTO Justification (datetime, reason, idAccessSubjectLogger, idAnnotation) VALUES
("2024-01-15 10:00:00", "Apologized for the aggressive behavior and promised to follow the rules from now on.", "1012345683", 1),
("2024-06-10 08:00:00", "Admitted to having acted aggressively and promised to be more calm and cooperative in the future.", "1012345684", 5),
("2024-08-15 11:30:00", "Explained that the intoxication was due to a medical issue and presented a doctor's note.", "1012345685", 7),
("2024-09-20 09:30:00", "Acknowledged aggressive behavior and requested another opportunity to demonstrate proper conduct.", "1012345686", 8),
("2024-10-05 10:00:00", "Confirmed that the intoxication was an isolated incident and agreed to undergo a medical examination before returning.", "1012345687", 9);


INSERT INTO Vehicle (plate, type, idAccessSubject) VALUES

("ABC123", "car", "1085748964"),
("DEF456", "car", "1085748966"),
("GHI789", "car", "1085748974"),
("JKL321", "car", "1085748975"),
("MNO654", "car", "1085748988"),
("PQR987", "car", "1085748989"),
("STU741", "car", "1085748994"),
("VWX852", "car", "1085748995"),
("YZA963", "car", "1085749004"),
("BCD159", "car", "1085749005"),

("ABC12D", "motorcycle", "1085748965"),
("DEF34F", "motorcycle", "1085748967"),
("GHI56G", "motorcycle", "1085748976"),
("JKL78H", "motorcycle", "1085748977"),
("MNO90J", "motorcycle", "1085748990"),
("PQR12K", "motorcycle", "1085748991"),
("STU34L", "motorcycle", "1085748996"),
("VWX56M", "motorcycle", "1085748997"),
("YZA78N", "motorcycle", "1085749006"),
("BCD90P", "motorcycle", "1085749007");